Complaint_Summary,Category,Is_Augmented
aksidente sidecar customer,Accident & Traffic,False
nasabitan tricycle napilayan,Accident & Traffic,False
nasagi motor hindi kayang bayaran buong gastos,Accident & Traffic,False
aksidente tricycle,Accident & Traffic,False
nasagi bisikleta kalsada,Accident & Traffic,True
aksidente sidecar,Accident & Traffic,True
napilayan matapos aksidente tricycle,Accident & Traffic,True
nabanggaan sidecar customer,Accident & Traffic,True
tricycle napilayan,Accident & Traffic,True
nasabitan gastos,Accident & Traffic,True
nasagi motor kayang bayaran buong gastos,Accident & Traffic,True
aksidente traysikel customer,Accident & Traffic,True
motor hindi kayang buong gastos,Accident & Traffic,True
naaksidente eskwelahan nasugatan,Accident & Traffic,True
nabanggaan motor nasugatan,Accident & Traffic,True
aksidente truck tricycle,Accident & Traffic,True
sidecar customer,Accident & Traffic,True
nasabitan jeep nagkagaralgal,Accident & Traffic,True
nasabitan tricycle nasaktan,Accident & Traffic,True
nasabitan tricycle,Accident & Traffic,True
aksidente traysikel,Accident & Traffic,True
gasgas kotse dahil banggaan,Accident & Traffic,True
aksidente napilayan sidecar customer,Accident & Traffic,True
nasaktan bike hindi kayang bayaran buong gastos,Accident & Traffic,True
nasagi motor hindi tricycle,Accident & Traffic,True
nasabitan traysikel napilayan,Accident & Traffic,True
nasagi motorsiklo hindi kayang bayaran buong gastos,Accident & Traffic,True
aksidente dyip,Accident & Traffic,True
nasagi motor hindi customer,Accident & Traffic,True
nasagi motor hindi sidecar customer,Accident & Traffic,True
aksidente bayaran buong gastos,Accident & Traffic,True
banggaan sidecar customer,Accident & Traffic,True
nasagi sasakyan,Accident & Traffic,True
napilayan matapos aksidente motor,Accident & Traffic,True
nasagi motor hindi kayang bayaran gastos,Accident & Traffic,True
nabanggaan jeep nasugatan,Accident & Traffic,True
nasagi hindi kayang bayaran buong gastos,Accident & Traffic,True
nabangga motor hindi kayang bayaran buong gastos,Accident & Traffic,True
gasgas bisikleta dahil banggaan,Accident & Traffic,True
nasagi truck kalsada,Accident & Traffic,True
naaksidente motor hindi kayang bayaran buong gastos,Accident & Traffic,True
nasabitan traysikel nasugatan,Accident & Traffic,True
nasagi tricycle,Accident & Traffic,True
aksidente tricycle napilayan,Accident & Traffic,True
nasagi motor tricycle,Accident & Traffic,True
aksidente motor na may sidecar customer,Accident & Traffic,True
nabanggaan tricycle nasugatan,Accident & Traffic,True
nabanggaan tricycle,Accident & Traffic,True
banggaan tricycle,Accident & Traffic,True
aksidente napilayan,Accident & Traffic,True
gasgas jeep dahil banggaan,Accident & Traffic,True
aksidente jeep,Accident & Traffic,True
nabanggaan dyip,Accident & Traffic,True
nagkaaksidente habang nagmamaneho kotse,Accident & Traffic,True
aksidente sasakyan customer,Accident & Traffic,True
nabanggaan motor hindi kayang bayaran buong gastos,Accident & Traffic,True
tricycle aksidente tricycle,Accident & Traffic,True
nasabitan dyip napilayan,Accident & Traffic,True
aksidente sidecar napilayan customer,Accident & Traffic,True
nasaktan motor hindi kayang bayaran buong gastos,Accident & Traffic,True
aksidente tricycle motor,Accident & Traffic,True
nasagi motor hindi napilayan,Accident & Traffic,True
nasabitan tricycle napilayan tricycle,Accident & Traffic,True
gasgas truck dahil banggaan,Accident & Traffic,True
naaksidente bahay nasugatan,Accident & Traffic,True
hindi kayang bayaran gastos aksidente,Accident & Traffic,True
naaksidente tindahan nasugatan,Accident & Traffic,True
gasgas motor dahil banggaan,Accident & Traffic,True
nasagi motor motor hindi kayang bayaran buong gastos,Accident & Traffic,True
naaksidente tricycle,Accident & Traffic,True
nasagi motor sidecar customer,Accident & Traffic,True
nasagi kotse kalsada,Accident & Traffic,True
nabanggaan traysikel customer,Accident & Traffic,True
nabanggaan bisikleta nasugatan,Accident & Traffic,True
aksidente sidecar motor customer,Accident & Traffic,True
nasabitan jeep napilayan,Accident & Traffic,True
nasabitan traysikel nagkagaralgal,Accident & Traffic,True
nasabitan tricycle napilayan napilayan,Accident & Traffic,True
nasagi napilayan,Accident & Traffic,True
tricycle aksidente sidecar customer,Accident & Traffic,True
naaksidente barangay nasugatan,Accident & Traffic,True
aksidente nasagi tricycle,Accident & Traffic,True
aksidente sidecar customer aksidente,Accident & Traffic,True
aksidente sasakyan,Accident & Traffic,True
nasagi motor kalsada,Accident & Traffic,True
nabanggaan jeep,Accident & Traffic,True
aksidente tricycle tricycle,Accident & Traffic,True
aksidente sidecar aksidente customer,Accident & Traffic,True
nagkaaksidente habang nagmamaneho tricycle,Accident & Traffic,True
nasabitan tricycle nasagi napilayan,Accident & Traffic,True
motor hindi bayaran buong gastos,Accident & Traffic,True
nasagi motor napilayan,Accident & Traffic,True
aksidente kayang bayaran buong gastos,Accident & Traffic,True
napilayan matapos aksidente bisikleta,Accident & Traffic,True
nasabitan tricycle natumba,Accident & Traffic,True
naaksidente tricycle nasugatan,Accident & Traffic,True
banggaan sasakyan,Accident & Traffic,True
naaksidente palengke nasugatan,Accident & Traffic,True
nabanggaan kotse nasugatan,Accident & Traffic,True
napilayan matapos aksidente kotse,Accident & Traffic,True
aksidente buong gastos,Accident & Traffic,True
nasagi motor hindi motor kayang bayaran buong gastos,Accident & Traffic,True
banggaan dyip,Accident & Traffic,True
nasagi sasakyan hindi kayang bayaran buong gastos,Accident & Traffic,True
nasabitan jeep natumba,Accident & Traffic,True
nagkaaksidente habang nagmamaneho jeep,Accident & Traffic,True
motor aksidente tricycle,Accident & Traffic,True
nabanggaan tricycle hindi kayang bayaran buong gastos,Accident & Traffic,True
napilayan aksidente tricycle,Accident & Traffic,True
aksidente customer,Accident & Traffic,True
nasagi tricycle kalsada,Accident & Traffic,True
aksidente kotse barangay,Accident & Traffic,True
aksidente gastos,Accident & Traffic,True
aksidente bisikleta bahay,Accident & Traffic,True
aksidente motor bahay,Accident & Traffic,True
nasagi motor hindi kayang bayaran buong nasagi gastos,Accident & Traffic,True
aksidente sidecar customer motor,Accident & Traffic,True
nasabitan sasakyan napilayan,Accident & Traffic,True
naaksidente tricycle hindi kayang bayaran buong gastos,Accident & Traffic,True
aksidente tricycle nabanggaan,Accident & Traffic,True
nasabitan kayang bayaran buong gastos,Accident & Traffic,True
aksidente nabanggaan tricycle,Accident & Traffic,True
napilayan matapos aksidente jeep,Accident & Traffic,True
nabanggaan motorsiklo hindi kayang bayaran buong gastos,Accident & Traffic,True
nabanggaan truck nasugatan,Accident & Traffic,True
nasabitan tricycle napilayan nasagi,Accident & Traffic,True
aksidente motor barangay,Accident & Traffic,True
napilayan aksidente sidecar customer,Accident & Traffic,True
aksidente jeep bahay,Accident & Traffic,True
aksidente bisikleta tindahan,Accident & Traffic,True
nagkaaksidente habang nagmamaneho truck,Accident & Traffic,True
nagkaaksidente habang nagmamaneho bisikleta,Accident & Traffic,True
aksidente kotse tricycle,Accident & Traffic,True
aksidente aksidente tricycle,Accident & Traffic,True
nasagi motor aksidente hindi kayang bayaran buong gastos,Accident & Traffic,True
nasagi bike hindi kayang bayaran buong gastos,Accident & Traffic,True
nabanggaan aksidente tricycle,Accident & Traffic,True
aksidente sidecar customer napilayan,Accident & Traffic,True
nasagi traysikel customer,Accident & Traffic,True
napilayan matapos aksidente truck,Accident & Traffic,True
banggaan motor na may sidecar customer,Accident & Traffic,True
nasabitan dyip natumba,Accident & Traffic,True
nasagi traysikel,Accident & Traffic,True
nasagi motor hindi kayang bayaran buong motor gastos,Accident & Traffic,True
nasabitan tricycle motor napilayan,Accident & Traffic,True
motor hindi kayang bayaran buong gastos,Accident & Traffic,True
nabanggaan sasakyan,Accident & Traffic,True
aksidente motor eskwelahan,Accident & Traffic,True
nasabitan tricycle nasugatan,Accident & Traffic,True
nasabitan buong gastos,Accident & Traffic,True
nasabitan customer,Accident & Traffic,True
aksidente truck tindahan,Accident & Traffic,True
naaksidente sasakyan hindi kayang bayaran buong gastos,Accident & Traffic,True
nasagi sidecar customer,Accident & Traffic,True
aksidente motor tricycle,Accident & Traffic,True
aksidente kotse bahay,Accident & Traffic,True
aksidente napilayan tricycle,Accident & Traffic,True
gasgas tricycle dahil banggaan,Accident & Traffic,True
aksidente truck kalsada,Accident & Traffic,True
nasabitan bayaran buong gastos,Accident & Traffic,True
nasagi jeep kalsada,Accident & Traffic,True
nabanggaan sasakyan hindi kayang bayaran buong gastos,Accident & Traffic,True
nasabitan tricycle nabanggaan napilayan,Accident & Traffic,True
nagkaaksidente habang nagmamaneho motor,Accident & Traffic,True
nasagi jeep,Accident & Traffic,True
nasagi motor hindi kayang bayaran buong gastos napilayan,Accident & Traffic,True
nasagi tricycle hindi kayang bayaran buong gastos,Accident & Traffic,True
nasabitan sidecar customer,Accident & Traffic,True
aksidente truck barangay,Accident & Traffic,True
nasagi motor tricycle hindi kayang bayaran buong gastos,Accident & Traffic,True
nasabitan tricycle napilayan nabanggaan,Accident & Traffic,True
aksidente sidecar nabanggaan customer,Accident & Traffic,True
nasabitan tricycle nagkagaralgal,Accident & Traffic,True
nasagi motor na may sidecar customer,Accident & Traffic,True
nasagi nasagi motor hindi kayang bayaran buong gastos,Accident & Traffic,True
nasabitan tricycle tricycle napilayan,Accident & Traffic,True
aksidente truck eskwelahan,Accident & Traffic,True
aksidente nasagi sidecar customer,Accident & Traffic,True
aksidente sidecar customer nabanggaan,Accident & Traffic,True
nasabitan aksidente tricycle napilayan,Accident & Traffic,True
banggaan sasakyan customer,Accident & Traffic,True
motor kayang bayaran buong gastos,Accident & Traffic,True
nasagi motor customer,Accident & Traffic,True
hindi buong gastos,Accident & Traffic,True
naaksidente bike hindi kayang bayaran buong gastos,Accident & Traffic,True
aksidente bisikleta kalsada,Accident & Traffic,True
aksidente sidecar customer tricycle,Accident & Traffic,True
nasagi motor kayang bayaran buong,Accident & Traffic,True
nasabitan napilayan tricycle napilayan,Accident & Traffic,True
napilayan nasabitan tricycle napilayan,Accident & Traffic,True
nasagi motor hindi kayang tricycle bayaran buong gastos,Accident & Traffic,True
nabanggaan bike hindi kayang bayaran buong gastos,Accident & Traffic,True
naaksidente sidecar customer,Accident & Traffic,True
tricycle nasabitan tricycle napilayan,Accident & Traffic,True
nasabitan traysikel nasaktan,Accident & Traffic,True
naaksidente motor na may sidecar customer,Accident & Traffic,True
aksidente tricycle eskwelahan,Accident & Traffic,True
nasagi nasabitan tricycle napilayan,Accident & Traffic,True
nasagi motor hindi kayang bayaran tricycle buong gastos,Accident & Traffic,True
nasagi motor hindi kayang bayaran buong aksidente gastos,Accident & Traffic,True
pagpapakalat maling impormasyon,Defamation & Cyberbullying,False
pagpopost social media tungkol usapan,Defamation & Cyberbullying,False
pambubully anak,Defamation & Cyberbullying,False
nagpost video tungkol grocery modus,Defamation & Cyberbullying,False
minura dinuro,Defamation & Cyberbullying,False
paninirang puri masasamang salita,Defamation & Cyberbullying,False
paninirang puri laban anak,Defamation & Cyberbullying,False
bastos chats anak,Defamation & Cyberbullying,False
oral defamation psychological distress,Defamation & Cyberbullying,False
pinagalitan dinuro,Defamation & Cyberbullying,True
oral defamation laban anak,Defamation & Cyberbullying,True
nag upload video tungkol grocery modus,Defamation & Cyberbullying,True
paninirang puri messenger,Defamation & Cyberbullying,True
minura dinuro facebook,Defamation & Cyberbullying,True
pambubully facebook anak,Defamation & Cyberbullying,True
bastos mensahe facebook,Defamation & Cyberbullying,True
paninirang puri twitter,Defamation & Cyberbullying,True
pagpapakalat usapan,Defamation & Cyberbullying,True
minura pinagsamantalahan,Defamation & Cyberbullying,True
nagpost post social media,Defamation & Cyberbullying,True
ni post video tungkol grocery modus,Defamation & Cyberbullying,True
minura anak,Defamation & Cyberbullying,True
pagpapakalat maling,Defamation & Cyberbullying,True
pagmamalabis kabataan,Defamation & Cyberbullying,True
oral defamation psychological,Defamation & Cyberbullying,True
nagpakalat maling impormasyon,Defamation & Cyberbullying,True
paninirang anak,Defamation & Cyberbullying,True
bastos distress,Defamation & Cyberbullying,True
pambubully modus,Defamation & Cyberbullying,True
pagpopost psychological distress,Defamation & Cyberbullying,True
paninirang modus,Defamation & Cyberbullying,True
pinagbintangan tungkol bahay,Defamation & Cyberbullying,True
pinagsamantalahan social media,Defamation & Cyberbullying,True
minura dinuro social media,Defamation & Cyberbullying,True
pambubully psychological distress,Defamation & Cyberbullying,True
nagpost video tungkol usapan,Defamation & Cyberbullying,True
nagpost content tungkol grocery modus,Defamation & Cyberbullying,True
oral defamation laban pamilya,Defamation & Cyberbullying,True
pambubully bata namin,Defamation & Cyberbullying,True
pang aapi anak,Defamation & Cyberbullying,True
oral defamation laban kaibigan,Defamation & Cyberbullying,True
pambubully bata,Defamation & Cyberbullying,True
pambubully impormasyon,Defamation & Cyberbullying,True
pambubully dinuro,Defamation & Cyberbullying,True
pagpopost social tungkol usapan,Defamation & Cyberbullying,True
minura dinuro messenger,Defamation & Cyberbullying,True
paninirang puri facebook,Defamation & Cyberbullying,True
pinagbintangan tungkol sasakyan,Defamation & Cyberbullying,True
nagpost tsismis social media,Defamation & Cyberbullying,True
oral anak,Defamation & Cyberbullying,True
paninirang salita,Defamation & Cyberbullying,True
oral tungkol usapan,Defamation & Cyberbullying,True
bastos mensahe twitter,Defamation & Cyberbullying,True
nagshare post nang walang pahintulot,Defamation & Cyberbullying,True
pagpopost social modus,Defamation & Cyberbullying,True
facebook pambubully anak,Defamation & Cyberbullying,True
pambubully chats anak,Defamation & Cyberbullying,True
bastos chats facebook anak,Defamation & Cyberbullying,True
facebook pagpapakalat maling impormasyon,Defamation & Cyberbullying,True
nagshare screenshot nang walang pahintulot,Defamation & Cyberbullying,True
pambubully asawa,Defamation & Cyberbullying,True
nagpost mensahe social media,Defamation & Cyberbullying,True
minura distress,Defamation & Cyberbullying,True
pagpopost social anak,Defamation & Cyberbullying,True
nagpost post tungkol grocery modus,Defamation & Cyberbullying,True
nagpost psychological distress,Defamation & Cyberbullying,True
bastos chats bata namin,Defamation & Cyberbullying,True
nagshare mensahe nang walang pahintulot,Defamation & Cyberbullying,True
pinagsamantalahan messenger,Defamation & Cyberbullying,True
pinagbintangan tungkol pera,Defamation & Cyberbullying,True
oral defamation distress,Defamation & Cyberbullying,True
paninirang social media puri masasamang salita,Defamation & Cyberbullying,True
pambubully menor de edad,Defamation & Cyberbullying,True
minura bastos chats anak,Defamation & Cyberbullying,True
pinagbintangan tungkol motor,Defamation & Cyberbullying,True
bastos mensahe social media,Defamation & Cyberbullying,True
oral defamation social media psychological distress,Defamation & Cyberbullying,True
bastos usapan,Defamation & Cyberbullying,True
paninirang puri laban,Defamation & Cyberbullying,True
naglagay video tungkol grocery modus,Defamation & Cyberbullying,True
paninirang puri pambubully laban anak,Defamation & Cyberbullying,True
pambubully pagpopost social media tungkol usapan,Defamation & Cyberbullying,True
minura ginahasa,Defamation & Cyberbullying,True
paninirang puri anak,Defamation & Cyberbullying,True
pinagbintangan tungkol ari arian,Defamation & Cyberbullying,True
pinagsamantalahan twitter,Defamation & Cyberbullying,True
pinagsamantalahan group chat,Defamation & Cyberbullying,True
nagpost screenshot social media,Defamation & Cyberbullying,True
pambubully salita,Defamation & Cyberbullying,True
paninirang tungkol grocery modus,Defamation & Cyberbullying,True
bastos chats anak minura,Defamation & Cyberbullying,True
pagpapakalat maling balita,Defamation & Cyberbullying,True
panloloko bata namin,Defamation & Cyberbullying,True
bastos masasamang salita,Defamation & Cyberbullying,True
paninirang puri laban menor de edad,Defamation & Cyberbullying,True
ni post litrato tungkol grocery modus,Defamation & Cyberbullying,True
pambubully kapitbahay,Defamation & Cyberbullying,True
paninirang puri social media,Defamation & Cyberbullying,True
paninirang puri laban kabataan,Defamation & Cyberbullying,True
pagpopost laban anak,Defamation & Cyberbullying,True
maling impormasyon,Defamation & Cyberbullying,True
nagpost anak,Defamation & Cyberbullying,True
pang aapi menor de edad,Defamation & Cyberbullying,True
bastos dinuro,Defamation & Cyberbullying,True
bastos impormasyon,Defamation & Cyberbullying,True
pagpapakalat dinuro,Defamation & Cyberbullying,True
pagpopost tungkol grocery modus,Defamation & Cyberbullying,True
oral defamation psychological distress nagpost,Defamation & Cyberbullying,True
nagpost video tungkol grocery modus minura,Defamation & Cyberbullying,True
social media oral defamation psychological distress,Defamation & Cyberbullying,True
pambubully pambubully anak,Defamation & Cyberbullying,True
pinagalitan pinagbintangan,Defamation & Cyberbullying,True
facebook bastos chats anak,Defamation & Cyberbullying,True
minura minura dinuro,Defamation & Cyberbullying,True
minura dinuro group chat,Defamation & Cyberbullying,True
pagpopost social media tungkol,Defamation & Cyberbullying,True
paninirang puri maling impormasyon,Defamation & Cyberbullying,True
paninirang puri laban bata namin,Defamation & Cyberbullying,True
oral defamation paninirang puri psychological distress,Defamation & Cyberbullying,True
paninirang usapan,Defamation & Cyberbullying,True
pagpapakalat maling tsismis,Defamation & Cyberbullying,True
minura maling impormasyon,Defamation & Cyberbullying,True
nagshare litrato nang walang pahintulot,Defamation & Cyberbullying,True
oral chats anak,Defamation & Cyberbullying,True
nagshare video nang walang pahintulot,Defamation & Cyberbullying,True
pagpapakalat maling mensahe,Defamation & Cyberbullying,True
pambubully usapan,Defamation & Cyberbullying,True
pinagbintangan tungkol lupa,Defamation & Cyberbullying,True
panloloko anak,Defamation & Cyberbullying,True
pambubully anak minura,Defamation & Cyberbullying,True
pagpopost social usapan,Defamation & Cyberbullying,True
pagmamalabis anak,Defamation & Cyberbullying,True
nagpost video paninirang puri tungkol grocery modus,Defamation & Cyberbullying,True
bastos chats menor de edad,Defamation & Cyberbullying,True
paninirang puri masasamang pambubully salita,Defamation & Cyberbullying,True
nagpost litrato tungkol grocery modus,Defamation & Cyberbullying,True
pinagsamantalahan facebook,Defamation & Cyberbullying,True
paninirang puri laban bata,Defamation & Cyberbullying,True
paninirang puri masasamang facebook salita,Defamation & Cyberbullying,True
nagpost pambubully anak,Defamation & Cyberbullying,True
pagpapakalat anak,Defamation & Cyberbullying,True
nagpost bastos chats anak,Defamation & Cyberbullying,True
nagpost video maling impormasyon,Defamation & Cyberbullying,True
bastos modus,Defamation & Cyberbullying,True
pagmamalabis bata,Defamation & Cyberbullying,True
paninirang puri minura dinuro,Defamation & Cyberbullying,True
oral defamation psychological distress pambubully,Defamation & Cyberbullying,True
nagpost video social media,Defamation & Cyberbullying,True
paninirang puri psychological distress,Defamation & Cyberbullying,True
oral defamation tungkol usapan,Defamation & Cyberbullying,True
ininsulto dinuro,Defamation & Cyberbullying,True
nagpost video laban anak,Defamation & Cyberbullying,True
nagshare tsismis nang walang pahintulot,Defamation & Cyberbullying,True
paninirang puri masasamang salita minura,Defamation & Cyberbullying,True
bastos anak,Defamation & Cyberbullying,True
paninirang tungkol usapan,Defamation & Cyberbullying,True
minura salita,Defamation & Cyberbullying,True
oral defamation laban asawa,Defamation & Cyberbullying,True
nagpost litrato social media,Defamation & Cyberbullying,True
oral psychological distress,Defamation & Cyberbullying,True
paninirang puri pagpopost social media tungkol usapan,Defamation & Cyberbullying,True
pagpopost dinuro,Defamation & Cyberbullying,True
pagpopost social media tungkol social media usapan,Defamation & Cyberbullying,True
pagpopost social media paninirang puri tungkol usapan,Defamation & Cyberbullying,True
minura masasamang salita,Defamation & Cyberbullying,True
bastos psychological distress,Defamation & Cyberbullying,True
bastos mensahe group chat,Defamation & Cyberbullying,True
paninirang puri usapan,Defamation & Cyberbullying,True
bastos mensahe messenger,Defamation & Cyberbullying,True
paninirang puri group chat,Defamation & Cyberbullying,True
facebook paninirang puri laban anak,Defamation & Cyberbullying,True
pinagmurahan pinagbintangan,Defamation & Cyberbullying,True
bastos nagpost chats anak,Defamation & Cyberbullying,True
pambubully kaibigan,Defamation & Cyberbullying,True
pinagmurahan dinuro,Defamation & Cyberbullying,True
paninirang distress,Defamation & Cyberbullying,True
oral defamation laban kapitbahay,Defamation & Cyberbullying,True
social media minura dinuro,Defamation & Cyberbullying,True
pambubully anak paninirang puri,Defamation & Cyberbullying,True
pinagmurahan inutusan,Defamation & Cyberbullying,True
pagpopost minura social media tungkol usapan,Defamation & Cyberbullying,True
paninirang dinuro,Defamation & Cyberbullying,True
nagpost video usapan,Defamation & Cyberbullying,True
pagpapakalat chats anak,Defamation & Cyberbullying,True
bastos tungkol usapan,Defamation & Cyberbullying,True
minura modus,Defamation & Cyberbullying,True
bastos tungkol grocery modus,Defamation & Cyberbullying,True
nagshare video tungkol grocery modus,Defamation & Cyberbullying,True
paninirang masasamang salita,Defamation & Cyberbullying,True
pambubully masasamang salita,Defamation & Cyberbullying,True
bastos chats bata,Defamation & Cyberbullying,True
pambubully kabataan,Defamation & Cyberbullying,True
paninirang laban anak,Defamation & Cyberbullying,True
nagpost nagpost video tungkol grocery modus,Defamation & Cyberbullying,True
pagpapakalat maling social media impormasyon,Defamation & Cyberbullying,True
ininsulto inutusan,Defamation & Cyberbullying,True
paninirang puri paninirang puri masasamang salita,Defamation & Cyberbullying,True
pang aapi bata,Defamation & Cyberbullying,True
nagpost video tungkol minura grocery modus,Defamation & Cyberbullying,True
nagpost video anak,Defamation & Cyberbullying,True
nabasag meralco meter,Environmental & Infrastructure,False
ginawang basurahan lupa,Environmental & Infrastructure,False
naka jumper linya kuryente,Environmental & Infrastructure,False
lumagpas pagputol puno,Environmental & Infrastructure,False
naka jumper linya linya ng kuryente,Environmental & Infrastructure,True
nabasag meter,Environmental & Infrastructure,True
nabasag gripo bahay,Environmental & Infrastructure,True
ginawang basurahan kalsada,Environmental & Infrastructure,True
ginawang basurahan tricycle,Environmental & Infrastructure,True
nabasag basurahan lupa,Environmental & Infrastructure,True
lumagpas meter,Environmental & Infrastructure,True
naka jumper linya meralco,Environmental & Infrastructure,True
nabasag lupa,Environmental & Infrastructure,True
naka jumper linya kuryente puno,Environmental & Infrastructure,True
ginawang tubig basurahan lupa,Environmental & Infrastructure,True
basura tricycle hindi nililinis,Environmental & Infrastructure,True
lumagpas basurahan lupa,Environmental & Infrastructure,True
basura bahay hindi nililinis,Environmental & Infrastructure,True
nabasag metro meralco bahay,Environmental & Infrastructure,True
problema tubo tubig subdivision,Environmental & Infrastructure,True
lumagpas pagputol halaman,Environmental & Infrastructure,True
naka meralco meter,Environmental & Infrastructure,True
naka jumper meralco,Environmental & Infrastructure,True
jumper linya kuryente,Environmental & Infrastructure,True
nabali meralco meter,Environmental & Infrastructure,True
naka jumper lupa,Environmental & Infrastructure,True
hindi nilalagyan poste kuryente,Environmental & Infrastructure,True
naka jumper meralco meter,Environmental & Infrastructure,True
lumagpas pagputol puno eskwelahan,Environmental & Infrastructure,True
ginawang puno,Environmental & Infrastructure,True
ginawang meralco meter,Environmental & Infrastructure,True
ginawang basurahan palengke,Environmental & Infrastructure,True
naka illegal connection linya kuryente,Environmental & Infrastructure,True
lumagpas pagputol puno kuryente,Environmental & Infrastructure,True
ginawang meter,Environmental & Infrastructure,True
basura tindahan hindi nililinis,Environmental & Infrastructure,True
tubig lumagpas pagputol puno,Environmental & Infrastructure,True
naka kuryenteng ninakaw linya kuryente,Environmental & Infrastructure,True
nabasag linya kuryente kalsada,Environmental & Infrastructure,True
pagputol puno,Environmental & Infrastructure,True
ginawang basurahan poste lupa,Environmental & Infrastructure,True
lumagpas pagputol puno bahay,Environmental & Infrastructure,True
lumagpas kuryente pagputol puno,Environmental & Infrastructure,True
lumagpas pagputol punongkahoy,Environmental & Infrastructure,True
nabasag meralco meter tubig,Environmental & Infrastructure,True
lumagpas pagputol puno tricycle,Environmental & Infrastructure,True
puno nabasag meralco meter,Environmental & Infrastructure,True
ginawang linya kuryente,Environmental & Infrastructure,True
ginawang kuryente,Environmental & Infrastructure,True
naka jumper basurahan lupa,Environmental & Infrastructure,True
problema linya kuryente subdivision,Environmental & Infrastructure,True
basurahan lupa,Environmental & Infrastructure,True
nabasag puno meralco meter,Environmental & Infrastructure,True
basura naka jumper linya kuryente,Environmental & Infrastructure,True
nabasag tubo tubig barangay,Environmental & Infrastructure,True
lumagpas meralco meter,Environmental & Infrastructure,True
meralco meter,Environmental & Infrastructure,True
nabasag meralco puno meter,Environmental & Infrastructure,True
ginawang basurahan tindahan,Environmental & Infrastructure,True
lumagpas lupa,Environmental & Infrastructure,True
ginawang basurahan bahay,Environmental & Infrastructure,True
problema metro meralco subdivision,Environmental & Infrastructure,True
poste nabasag meralco meter,Environmental & Infrastructure,True
basura palengke hindi nililinis,Environmental & Infrastructure,True
lumagpas pagputol poste puno,Environmental & Infrastructure,True
lumagpas puno,Environmental & Infrastructure,True
nabasag linya kuryente barangay,Environmental & Infrastructure,True
nabasag linya kuryente tricycle,Environmental & Infrastructure,True
ginawang basurahan palayan,Environmental & Infrastructure,True
ginawang basurahan puno lupa,Environmental & Infrastructure,True
naka jumper linya koryente,Environmental & Infrastructure,True
lumagpas pagputol puno tindahan,Environmental & Infrastructure,True
nawasak meralco meter,Environmental & Infrastructure,True
naka lupa,Environmental & Infrastructure,True
problema gripo subdivision,Environmental & Infrastructure,True
naka illegal connection linya meralco,Environmental & Infrastructure,True
jumper kuryente,Environmental & Infrastructure,True
nabasag kuryente,Environmental & Infrastructure,True
naka jumper linya kuryente jumper,Environmental & Infrastructure,True
naka jumper puno,Environmental & Infrastructure,True
naka jumper poste linya kuryente,Environmental & Infrastructure,True
nabasag meralco,Environmental & Infrastructure,True
naka jumper linya ilaw,Environmental & Infrastructure,True
nabasag meralco meter poste,Environmental & Infrastructure,True
naka jumper meter,Environmental & Infrastructure,True
nabasag pagputol puno,Environmental & Infrastructure,True
basura barangay hindi nililinis,Environmental & Infrastructure,True
jumper naka jumper linya kuryente,Environmental & Infrastructure,True
ginawang basurahan lupa jumper,Environmental & Infrastructure,True
nasira meralco meter,Environmental & Infrastructure,True
poste lumagpas pagputol puno,Environmental & Infrastructure,True
nabasag gripo kalsada,Environmental & Infrastructure,True
puno naka jumper linya kuryente,Environmental & Infrastructure,True
nabasag metro meralco eskwelahan,Environmental & Infrastructure,True
naka kuryenteng ninakaw linya linya ng kuryente,Environmental & Infrastructure,True
lumagpas pagputol sanga,Environmental & Infrastructure,True
nabasag gripo tindahan,Environmental & Infrastructure,True
naka ilegal na koneksyon linya ilaw,Environmental & Infrastructure,True
nabasag puno,Environmental & Infrastructure,True
basura eskwelahan hindi nililinis,Environmental & Infrastructure,True
naka basura jumper linya kuryente,Environmental & Infrastructure,True
nadurog meralco meter,Environmental & Infrastructure,True
poste ginawang basurahan lupa,Environmental & Infrastructure,True
nabasag gripo tricycle,Environmental & Infrastructure,True
nabasag meralco tubig meter,Environmental & Infrastructure,True
ginawang basurahan property,Environmental & Infrastructure,True
nabasag metro meralco kalsada,Environmental & Infrastructure,True
naka jumper linya kuryente tubig,Environmental & Infrastructure,True
naka ilegal na koneksyon linya kuryente,Environmental & Infrastructure,True
ginawang basurahan eskwelahan,Environmental & Infrastructure,True
ginawang jumper basurahan lupa,Environmental & Infrastructure,True
naka basurahan lupa,Environmental & Infrastructure,True
lumagpas linya kuryente,Environmental & Infrastructure,True
basura kalsada hindi nililinis,Environmental & Infrastructure,True
lumagpas pagputol kahoy,Environmental & Infrastructure,True
ginawang basurahan,Environmental & Infrastructure,True
lumagpas pagputol puno kalsada,Environmental & Infrastructure,True
naka tubig jumper linya kuryente,Environmental & Infrastructure,True
nabasag tubo tubig eskwelahan,Environmental & Infrastructure,True
naka jumper jumper linya kuryente,Environmental & Infrastructure,True
ginawang basurahan lupa puno,Environmental & Infrastructure,True
basura ginawang basurahan lupa,Environmental & Infrastructure,True
naka jumper kuryente,Environmental & Infrastructure,True
kuryente nabasag meralco meter,Environmental & Infrastructure,True
nabasag linya kuryente eskwelahan,Environmental & Infrastructure,True
jumper lumagpas pagputol puno,Environmental & Infrastructure,True
nabasag tubo tubig tindahan,Environmental & Infrastructure,True
ginawang basurahan tubig lupa,Environmental & Infrastructure,True
jumper ginawang basurahan lupa,Environmental & Infrastructure,True
ginawang basurahan basura lupa,Environmental & Infrastructure,True
nabasag meralco meter basura,Environmental & Infrastructure,True
ginawang pagputol puno,Environmental & Infrastructure,True
naka jumper linya poste kuryente,Environmental & Infrastructure,True
naka jumper linya kuryente kuryente,Environmental & Infrastructure,True
ginawang lupa,Environmental & Infrastructure,True
nabasag kuryente meralco meter,Environmental & Infrastructure,True
lumagpas tubig pagputol puno,Environmental & Infrastructure,True
nabasag tubo tubig tricycle,Environmental & Infrastructure,True
naka jumper,Environmental & Infrastructure,True
ginawang basurahan ari arian,Environmental & Infrastructure,True
ginawang basurahan kuryente lupa,Environmental & Infrastructure,True
jumper nabasag meralco meter,Environmental & Infrastructure,True
naka pagputol puno,Environmental & Infrastructure,True
naka jumper linya,Environmental & Infrastructure,True
ginawang poste basurahan lupa,Environmental & Infrastructure,True
ginawang basurahan lupain,Environmental & Infrastructure,True
naka puno,Environmental & Infrastructure,True
ginawang basurahan lupa poste,Environmental & Infrastructure,True
tubig nabasag meralco meter,Environmental & Infrastructure,True
ginawang basurahan barangay,Environmental & Infrastructure,True
nabasag meralco kuryente meter,Environmental & Infrastructure,True
lumagpas pagputol puno puno,Environmental & Infrastructure,True
naka illegal connection linya linya ng kuryente,Environmental & Infrastructure,True
nabasag gripo eskwelahan,Environmental & Infrastructure,True
lumagpas pagputol puno tubig,Environmental & Infrastructure,True
naka kuryenteng ninakaw linya meralco,Environmental & Infrastructure,True
lumagpas pagputol puno barangay,Environmental & Infrastructure,True
nabasag linya kuryente,Environmental & Infrastructure,True
lumagpas kuryente,Environmental & Infrastructure,True
ginawang basura basurahan lupa,Environmental & Infrastructure,True
naka jumper pagputol puno,Environmental & Infrastructure,True
ginawang basurahan lupa kuryente,Environmental & Infrastructure,True
naka jumper kuryente linya kuryente,Environmental & Infrastructure,True
naka puno jumper linya kuryente,Environmental & Infrastructure,True
puno lumagpas pagputol puno,Environmental & Infrastructure,True
nabasag tubo tubig kalsada,Environmental & Infrastructure,True
nabasag tubo tubig bahay,Environmental & Infrastructure,True
lumagpas pagputol,Environmental & Infrastructure,True
lumagpas pagputol puno palengke,Environmental & Infrastructure,True
lumagpas pagputol puno poste,Environmental & Infrastructure,True
naka jumper linya jumper kuryente,Environmental & Infrastructure,True
puno ginawang basurahan lupa,Environmental & Infrastructure,True
naka illegal connection linya koryente,Environmental & Infrastructure,True
nabasag metro meralco palengke,Environmental & Infrastructure,True
naka jumper linya puno kuryente,Environmental & Infrastructure,True
lumagpas pagputol puno basura,Environmental & Infrastructure,True
nabasag meralco meter jumper,Environmental & Infrastructure,True
lumagpas pagputol basura puno,Environmental & Infrastructure,True
tubig ginawang basurahan lupa,Environmental & Infrastructure,True
ginawang kuryente basurahan lupa,Environmental & Infrastructure,True
basura nabasag meralco meter,Environmental & Infrastructure,True
nabasag meralco meter puno,Environmental & Infrastructure,True
naka linya,Environmental & Infrastructure,True
nabasag poste meralco meter,Environmental & Infrastructure,True
nabasag metro meralco barangay,Environmental & Infrastructure,True
ginawang basurahan lupa basura,Environmental & Infrastructure,True
nabasag meralco jumper meter,Environmental & Infrastructure,True
nabasag gripo barangay,Environmental & Infrastructure,True
lumagpas poste pagputol puno,Environmental & Infrastructure,True
naka kuryenteng ninakaw linya koryente,Environmental & Infrastructure,True
nabasag linya kuryente bahay,Environmental & Infrastructure,True
naka jumper tubig linya kuryente,Environmental & Infrastructure,True
nabasag gripo palengke,Environmental & Infrastructure,True
lumagpas pagputol jumper puno,Environmental & Infrastructure,True
naka jumper basura linya kuryente,Environmental & Infrastructure,True
ginawang basurahan lupa tubig,Environmental & Infrastructure,True
naka ilegal na koneksyon linya meralco,Environmental & Infrastructure,True
naka linya kuryente,Environmental & Infrastructure,True
nabasag metro meralco tindahan,Environmental & Infrastructure,True
nabasag metro meralco tricycle,Environmental & Infrastructure,True
problema taya bastos salita,Financial & Fraud,False
usapin bentahan motor,Financial & Fraud,False
pagkakautang,Financial & Fraud,False
hindi nababayarang balanse tindahan,Financial & Fraud,False
kumuha pera irrigators,Financial & Fraud,False
pinagpapalit piyesa motor,Financial & Fraud,False
hindi tumutupad bayad utang,Financial & Fraud,False
ayaw ibalik motor maliban kung magbabayad,Financial & Fraud,False
hindi tumupad kasunduan utang,Financial & Fraud,False
ayaw ikabit makina multicab,Financial & Fraud,False
hindi sumunod kasunduan,Financial & Fraud,False
nagbenta motor menor de edad xerox lang papel,Financial & Fraud,False
hindi nagbabayad perang pinalabas,Financial & Fraud,False
usapin sangla utang,Financial & Fraud,False
hindi binalik perang hiniram,Financial & Fraud,False
problema isinanglang kotse motor,Financial & Fraud,False
utang kompanya,Financial & Fraud,False
usapin bastos salita,Financial & Fraud,True
ipinagbili motor menor de edad xerox lang papel,Financial & Fraud,True
halagang nangutang kompanya,Financial & Fraud,True
hindi nagbabayad utang malaking halaga,Financial & Fraud,True
hindi nagbigay resibo bayad,Financial & Fraud,True
pinagpapalit piyesa sasakyan,Financial & Fraud,True
kumuha utang,Financial & Fraud,True
hindi kasunduan,Financial & Fraud,True
usapin ipinangako utang,Financial & Fraud,True
ayaw pinalabas,Financial & Fraud,True
problema utang lupa,Financial & Fraud,True
tumupad kasunduan utang,Financial & Fraud,True
hindi sumunod utang kasunduan,Financial & Fraud,True
ayaw ikabit id kahit nabayaran,Financial & Fraud,True
hindi binalik perang nangutang,Financial & Fraud,True
ginamit id nang walang pahintulot,Financial & Fraud,True
ayaw ibalik gamit kahit bayad,Financial & Fraud,True
usapin perang pinalabas,Financial & Fraud,True
problema makina multicab,Financial & Fraud,True
nagtinda motor menor de edad xerox lang papel,Financial & Fraud,True
hindi nagbabayad utang limang libo,Financial & Fraud,True
hindi tumupad kompanya,Financial & Fraud,True
kumuha pera nang walang pahintulot,Financial & Fraud,True
problema isinanglang kotse tricycle,Financial & Fraud,True
usapin sangla halagang nangutang,Financial & Fraud,True
hindi kompanya,Financial & Fraud,True
ayaw ibalik tricycle maliban kung magbabayad,Financial & Fraud,True
usapin papel,Financial & Fraud,True
utang kompanya pera,Financial & Fraud,True
pinagpapalit piyesa bike,Financial & Fraud,True
hindi tumupad lang papel,Financial & Fraud,True
pinagpapalit motor,Financial & Fraud,True
pinagkakautangan ayaw magbayad,Financial & Fraud,True
kasunduan ayaw ibalik motor maliban kung magbabayad,Financial & Fraud,True
hindi nagbabayad perang hindi nagbabayad pinalabas,Financial & Fraud,True
nagbenta gamit nang walang papel,Financial & Fraud,True
pinagpapalit sumunod kasunduan,Financial & Fraud,True
usapin sangla motor,Financial & Fraud,True
problema utang pera,Financial & Fraud,True
ayaw ibalik motor irrigators,Financial & Fraud,True
ayaw ibalik motor kung magbabayad,Financial & Fraud,True
problema isinanglang perang hiniram,Financial & Fraud,True
ibinenta bike menor de edad xerox lang karatula,Financial & Fraud,True
kumuha halaga irrigators,Financial & Fraud,True
ayaw ibalik cellphone kahit bayad,Financial & Fraud,True
hindi tumutupad kasunduan motor,Financial & Fraud,True
nagtinda bike menor de edad xerox lang papel,Financial & Fraud,True
kumuha pinalabas,Financial & Fraud,True
hindi sumunod kasunduan hindi nagbabayad,Financial & Fraud,True
usapin bentahan,Financial & Fraud,True
hindi tumutupad pagbabayad utang,Financial & Fraud,True
ayaw ibalik dokumento kahit bayad,Financial & Fraud,True
nagbenta pera nang walang papel,Financial & Fraud,True
pinagpapalit tindahan,Financial & Fraud,True
nagbenta motor menor de edad xerox lang dokumento,Financial & Fraud,True
taya salita,Financial & Fraud,True
problema isinanglang kotse sasakyan,Financial & Fraud,True
pinagpapalit pera irrigators,Financial & Fraud,True
hindi nagbabayad perang,Financial & Fraud,True
hindi balanse tindahan,Financial & Fraud,True
utang kompanya hiniram,Financial & Fraud,True
hindi sumunod napagkasunduan,Financial & Fraud,True
usapin sangla pera na hiniram,Financial & Fraud,True
hindi nababayarang balanse bilihan,Financial & Fraud,True
ayaw bentahan motor,Financial & Fraud,True
hindi binalik motor hiniram,Financial & Fraud,True
usapin piyesa motor,Financial & Fraud,True
problema isinanglang kotse motor sangla,Financial & Fraud,True
ayaw ibalik motorsiklo maliban kung magbabayad,Financial & Fraud,True
problema isinanglang kotse bike,Financial & Fraud,True
hindi tumupad kontrata pautang,Financial & Fraud,True
problema isinanglang motor,Financial & Fraud,True
nagbenta motorsiklo menor de edad xerox lang papel,Financial & Fraud,True
ayaw ikabit motor kahit nabayaran,Financial & Fraud,True
hindi tumutupad kasunduan bahay,Financial & Fraud,True
nagbenta kotse nang walang papel,Financial & Fraud,True
utang makina multicab,Financial & Fraud,True
hindi nagbabayad utang sampung libo,Financial & Fraud,True
maliban kung magbabayad,Financial & Fraud,True
hindi tumutupad kasunduan pera,Financial & Fraud,True
hindi binalik cellphone hiniram,Financial & Fraud,True
nagbenta motor menor de salita,Financial & Fraud,True
usapin sangla pera,Financial & Fraud,True
hindi binalik gamit hiniram,Financial & Fraud,True
nagbenta motor menor de edad xerox,Financial & Fraud,True
sangla utang,Financial & Fraud,True
ayaw ikabit pera kahit nabayaran,Financial & Fraud,True
hindi tumutupad bayad kasunduan utang,Financial & Fraud,True
usapin bentahan motorsiklo,Financial & Fraud,True
hindi tumutupad utang bayad utang,Financial & Fraud,True
problema kasunduan,Financial & Fraud,True
kumuha salapi irrigators,Financial & Fraud,True
usapin bentahan tricycle,Financial & Fraud,True
nagbenta motor hiniram,Financial & Fraud,True
problema isinanglang edad xerox lang papel,Financial & Fraud,True
kumuha hindi nagbabayad pera irrigators,Financial & Fraud,True
nagbenta motor nang walang papel,Financial & Fraud,True
problema taya kompanya,Financial & Fraud,True
problema isinanglang kotse motorsiklo,Financial & Fraud,True
usapin kompanya,Financial & Fraud,True
hindi maliban kung magbabayad,Financial & Fraud,True
hindi tumutupad kasunduan sasakyan,Financial & Fraud,True
ayaw ikabit cellphone kahit nabayaran,Financial & Fraud,True
problema utang ari arian,Financial & Fraud,True
hindi piyesa motor,Financial & Fraud,True
pagkakautang hindi nagbabayad,Financial & Fraud,True
ayaw ibalik motor,Financial & Fraud,True
ayaw ikabit wallet kahit nabayaran,Financial & Fraud,True
pinagpapalit piyesa motorsiklo,Financial & Fraud,True
usapin ginagarantiya utang,Financial & Fraud,True
hindi binalik kotse hiniram,Financial & Fraud,True
problema isinanglang kotse kasunduan motor,Financial & Fraud,True
usapin salita,Financial & Fraud,True
hindi nagbabayad utang halagang hiniram,Financial & Fraud,True
hindi kung magbabayad,Financial & Fraud,True
kumuha pera pera irrigators,Financial & Fraud,True
utang sangla kompanya,Financial & Fraud,True
kumuha edad xerox lang papel,Financial & Fraud,True
nagbenta bike menor de edad xerox lang papel,Financial & Fraud,True
nagbenta wallet nang walang papel,Financial & Fraud,True
hindi tumupad pera irrigators,Financial & Fraud,True
nagbenta motor menor de edad xerox lang papeles,Financial & Fraud,True
hindi utang nababayarang balanse tindahan,Financial & Fraud,True
usapin pera sangla utang,Financial & Fraud,True
usapin sangla sasakyan,Financial & Fraud,True
hindi tumupad kasunduan halagang nangutang,Financial & Fraud,True
hindi binalik dokumento hiniram,Financial & Fraud,True
utang kompanya sangla,Financial & Fraud,True
nagbenta tricycle menor de edad xerox lang dokumento,Financial & Fraud,True
usapin sangla pautang,Financial & Fraud,True
ayaw ibalik wallet kahit bayad,Financial & Fraud,True
problema bayad isinanglang kotse motor,Financial & Fraud,True
hindi bayad utang,Financial & Fraud,True
hindi nagbabayad tindahan,Financial & Fraud,True
hindi nababayarang balanse negosyo,Financial & Fraud,True
hindi tumutupad hiniram bayad utang,Financial & Fraud,True
hindi tumutupad multicab,Financial & Fraud,True
hindi utang,Financial & Fraud,True
problema motor,Financial & Fraud,True
ayaw ikabit makina,Financial & Fraud,True
motor de edad xerox lang papel,Financial & Fraud,True
hindi tindahan,Financial & Fraud,True
hindi nababayarang balanse establisimyento,Financial & Fraud,True
hindi tumupad kasunduan utang sangla,Financial & Fraud,True
hindi tumutupad bayad sangla utang,Financial & Fraud,True
pera hindi tumutupad bayad utang,Financial & Fraud,True
kumuha pera sangla irrigators,Financial & Fraud,True
kumuha motor,Financial & Fraud,True
kumuha pera irrigators kasunduan,Financial & Fraud,True
pinagpapalit bentahan motor,Financial & Fraud,True
usapin sangla lupa,Financial & Fraud,True
ayaw ibalik motor maliban kung,Financial & Fraud,True
utang balanse tindahan,Financial & Fraud,True
hindi tumutupad kabayaran pautang,Financial & Fraud,True
usapin edad xerox lang papel,Financial & Fraud,True
hindi binalik wallet hiniram,Financial & Fraud,True
pera hindi binalik perang hiniram,Financial & Fraud,True
usapin bentahan motor utang,Financial & Fraud,True
pera pagkakautang,Financial & Fraud,True
pinagpapalit piyesa tricycle,Financial & Fraud,True
balanse tindahan,Financial & Fraud,True
ayaw ibalik kotse kahit bayad,Financial & Fraud,True
nagbenta motor menor de edad xerox lang karatula,Financial & Fraud,True
problema hindi nagbabayad taya bastos salita,Financial & Fraud,True
hindi tumutupad motor,Financial & Fraud,True
ayaw ibalik pera kahit bayad,Financial & Fraud,True
hindi salita,Financial & Fraud,True
ayaw ibalik irrigators,Financial & Fraud,True
pinagpapalit piyesa hiniram motor,Financial & Fraud,True
usapin utang sangla utang,Financial & Fraud,True
hindi sumunod usapan,Financial & Fraud,True
hindi tumutupad singil pera na hiniram,Financial & Fraud,True
usapin sangla bahay,Financial & Fraud,True
kumuha multicab,Financial & Fraud,True
hindi pera sumunod kasunduan,Financial & Fraud,True
hindi sumunod kasunduan sangla,Financial & Fraud,True
hindi bastos salita,Financial & Fraud,True
hindi tumupad motor,Financial & Fraud,True
usapin prenda pautang,Financial & Fraud,True
hindi tumupad balanse tindahan,Financial & Fraud,True
usapin bayad utang,Financial & Fraud,True
hindi tumupad kasunduan pautang,Financial & Fraud,True
ayaw kasunduan utang,Financial & Fraud,True
nawawalang anak,Lost Items & Missing Person,False
nawawalang cellphone,Lost Items & Missing Person,False
nawawalang wallet tricycle,Lost Items & Missing Person,False
nawawalang cellphone,Lost Items & Missing Person,False
nawawalang wallet cash,Lost Items & Missing Person,False
nalaglag wallet,Lost Items & Missing Person,False
nawawalang belt bag,Lost Items & Missing Person,False
missing kotse mula kahapon,Lost Items & Missing Person,True
nawawalang wallet,Lost Items & Missing Person,True
wala belt bag,Lost Items & Missing Person,True
nawala gamit habang nasa barangay,Lost Items & Missing Person,True
naiwan id palengke,Lost Items & Missing Person,True
cellphone nawawalang cellphone,Lost Items & Missing Person,True
nawawalang bag na may pera tricycle,Lost Items & Missing Person,True
wala nang balita motor,Lost Items & Missing Person,True
nawala nawawalang wallet cash,Lost Items & Missing Person,True
nawawalang dokumento palengke,Lost Items & Missing Person,True
naiwan motor bahay,Lost Items & Missing Person,True
wala nang balita dokumento,Lost Items & Missing Person,True
nawala bag na may pera tricycle,Lost Items & Missing Person,True
missing motor mula kahapon,Lost Items & Missing Person,True
wallet tricycle,Lost Items & Missing Person,True
nawawalang pitaka cash,Lost Items & Missing Person,True
di makita id,Lost Items & Missing Person,True
nawawalang cp,Lost Items & Missing Person,True
missing pitaka tricycle,Lost Items & Missing Person,True
nawawalang bata,Lost Items & Missing Person,True
di makita anak,Lost Items & Missing Person,True
nakalimutan cellphone eskwelahan,Lost Items & Missing Person,True
nawala belt bag,Lost Items & Missing Person,True
nawawalang motor bahay,Lost Items & Missing Person,True
naiwan id tricycle,Lost Items & Missing Person,True
di makita dokumento,Lost Items & Missing Person,True
nawala gadget,Lost Items & Missing Person,True
nawawalang cellphone bahay,Lost Items & Missing Person,True
nalaglag nawawalang wallet tricycle,Lost Items & Missing Person,True
wala anak,Lost Items & Missing Person,True
nawawalang cash,Lost Items & Missing Person,True
di makita pitaka dyip,Lost Items & Missing Person,True
nawala portamoneda cash,Lost Items & Missing Person,True
wala nang balita gamit,Lost Items & Missing Person,True
missing nawawalang wallet tricycle,Lost Items & Missing Person,True
nalaglag nalaglag wallet,Lost Items & Missing Person,True
di makita gadget,Lost Items & Missing Person,True
di makita cellphone,Lost Items & Missing Person,True
missing menor de edad,Lost Items & Missing Person,True
nawawalang bata namin,Lost Items & Missing Person,True
naiwan motor palengke,Lost Items & Missing Person,True
di makita kotse,Lost Items & Missing Person,True
nakalimutan kotse tricycle,Lost Items & Missing Person,True
nawala dokumento habang nasa tricycle,Lost Items & Missing Person,True
nawala wallet habang nasa barangay,Lost Items & Missing Person,True
nawawalang portamoneda tricycle,Lost Items & Missing Person,True
nawawalang gadget,Lost Items & Missing Person,True
nawawala nawawalang wallet cash,Lost Items & Missing Person,True
nawawalang pera tindahan,Lost Items & Missing Person,True
nawawalang wallet anak,Lost Items & Missing Person,True
missing wallet cash,Lost Items & Missing Person,True
nawawalang bag,Lost Items & Missing Person,True
nawala bag na may pera cash,Lost Items & Missing Person,True
di makita wallet,Lost Items & Missing Person,True
nawawalang telepono,Lost Items & Missing Person,True
cellphone nawawalang anak,Lost Items & Missing Person,True
nawala anak,Lost Items & Missing Person,True
nalaglag anak,Lost Items & Missing Person,True
nawala kotse habang nasa barangay,Lost Items & Missing Person,True
wala nang balita id,Lost Items & Missing Person,True
wala cellphone,Lost Items & Missing Person,True
nalaglag id eskwelahan,Lost Items & Missing Person,True
wallet nawawalang wallet cash,Lost Items & Missing Person,True
nawawalang cellphone eskwelahan,Lost Items & Missing Person,True
nawawalang menor de edad,Lost Items & Missing Person,True
nalaglag tricycle,Lost Items & Missing Person,True
nawawalang nalaglag anak,Lost Items & Missing Person,True
nawala telepono,Lost Items & Missing Person,True
nawala cellphone,Lost Items & Missing Person,True
nalaglag gamit kalsada,Lost Items & Missing Person,True
missing wallet mula kahapon,Lost Items & Missing Person,True
missing id mula kahapon,Lost Items & Missing Person,True
nawawalang nawala cellphone,Lost Items & Missing Person,True
di makita bata namin,Lost Items & Missing Person,True
nawawalang gamit eskwelahan,Lost Items & Missing Person,True
nakalimutan kotse palengke,Lost Items & Missing Person,True
nalaglag pera bahay,Lost Items & Missing Person,True
nawala kotse habang nasa palengke,Lost Items & Missing Person,True
naiwan wallet barangay,Lost Items & Missing Person,True
nawawalang tricycle,Lost Items & Missing Person,True
nawawalang wallet tindahan,Lost Items & Missing Person,True
nawawala nawawalang belt bag,Lost Items & Missing Person,True
missing belt bag,Lost Items & Missing Person,True
nawawalang phone,Lost Items & Missing Person,True
missing wallet sasakyan,Lost Items & Missing Person,True
nawawalang cellphone nawala,Lost Items & Missing Person,True
nawawalang missing belt bag,Lost Items & Missing Person,True
naiwan dokumento palengke,Lost Items & Missing Person,True
nalaglag dokumento palengke,Lost Items & Missing Person,True
nawala nalaglag wallet,Lost Items & Missing Person,True
nawala cellphone habang nasa bahay,Lost Items & Missing Person,True
nalaglag bag na may pera,Lost Items & Missing Person,True
naiwan dokumento tricycle,Lost Items & Missing Person,True
di makita wallet tricycle,Lost Items & Missing Person,True
di makita motor,Lost Items & Missing Person,True
nakalimutan motor eskwelahan,Lost Items & Missing Person,True
nawawalang wallet tricycle nalaglag,Lost Items & Missing Person,True
nakalimutan wallet,Lost Items & Missing Person,True
nalaglag portamoneda,Lost Items & Missing Person,True
nawawalang bag na may pera cash,Lost Items & Missing Person,True
nawawalang wallet nawawala cash,Lost Items & Missing Person,True
nawawalang wallet cash cellphone,Lost Items & Missing Person,True
nawawalang wallet cellphone,Lost Items & Missing Person,True
missing gamit mula kahapon,Lost Items & Missing Person,True
naiwan motor tricycle,Lost Items & Missing Person,True
nawawalang bag cash,Lost Items & Missing Person,True
missing anak,Lost Items & Missing Person,True
nawawalang belt,Lost Items & Missing Person,True
nawawalang wallet sasakyan,Lost Items & Missing Person,True
wala nang balita wallet,Lost Items & Missing Person,True
wala wallet tricycle,Lost Items & Missing Person,True
nawala pitaka,Lost Items & Missing Person,True
nalaglag wallet tindahan,Lost Items & Missing Person,True
nakalimutan pera barangay,Lost Items & Missing Person,True
missing pera mula kahapon,Lost Items & Missing Person,True
nakalimutan wallet eskwelahan,Lost Items & Missing Person,True
nawawalang motor eskwelahan,Lost Items & Missing Person,True
nawawalang anak nawala,Lost Items & Missing Person,True
nalaglag wallet tricycle,Lost Items & Missing Person,True
nawala nawawalang wallet tricycle,Lost Items & Missing Person,True
nawawalang dokumento bahay,Lost Items & Missing Person,True
nawala wallet cash,Lost Items & Missing Person,True
nawala kotse habang nasa tindahan,Lost Items & Missing Person,True
nalaglag cellphone bahay,Lost Items & Missing Person,True
nawawalang wallet traysikel,Lost Items & Missing Person,True
nakalimutan dokumento tricycle,Lost Items & Missing Person,True
naiwanan bag,Lost Items & Missing Person,True
missing bag na may pera cash,Lost Items & Missing Person,True
naiwan cellphone palengke,Lost Items & Missing Person,True
nawawalang cellphone nalaglag,Lost Items & Missing Person,True
wallet nalaglag wallet,Lost Items & Missing Person,True
nawala wallet habang nasa eskwelahan,Lost Items & Missing Person,True
nakalimutan wallet kalsada,Lost Items & Missing Person,True
nawawalang nawala wallet tricycle,Lost Items & Missing Person,True
nalaglag nawala wallet,Lost Items & Missing Person,True
nahulog wallet,Lost Items & Missing Person,True
nawawalang nawawala belt bag,Lost Items & Missing Person,True
nawawalang kabataan,Lost Items & Missing Person,True
nahulog portamoneda,Lost Items & Missing Person,True
naiwanan wallet,Lost Items & Missing Person,True
nawawalang kotse tindahan,Lost Items & Missing Person,True
nawawalang belt missing bag,Lost Items & Missing Person,True
wala wallet traysikel,Lost Items & Missing Person,True
nawawalang pitaka tricycle,Lost Items & Missing Person,True
naiwan dokumento bahay,Lost Items & Missing Person,True
naiwan kotse eskwelahan,Lost Items & Missing Person,True
nalaglag cellphone,Lost Items & Missing Person,True
di makita pera,Lost Items & Missing Person,True
naiwan dokumento eskwelahan,Lost Items & Missing Person,True
nawawalang id kalsada,Lost Items & Missing Person,True
missing nawawalang wallet cash,Lost Items & Missing Person,True
nalaglag cellphone barangay,Lost Items & Missing Person,True
belt bag,Lost Items & Missing Person,True
nakalimutan cellphone palengke,Lost Items & Missing Person,True
naiwan kotse barangay,Lost Items & Missing Person,True
di makita belt bag,Lost Items & Missing Person,True
wala cp,Lost Items & Missing Person,True
wala bata namin,Lost Items & Missing Person,True
missing cellphone mula kahapon,Lost Items & Missing Person,True
wala nang balita cellphone,Lost Items & Missing Person,True
nalaglag id bahay,Lost Items & Missing Person,True
naiwan pera eskwelahan,Lost Items & Missing Person,True
nawawalang wallet dyip,Lost Items & Missing Person,True
missing nawawalang cellphone,Lost Items & Missing Person,True
naiwan id eskwelahan,Lost Items & Missing Person,True
naiwan id kalsada,Lost Items & Missing Person,True
nakalimutan motor palengke,Lost Items & Missing Person,True
naiwan kotse palengke,Lost Items & Missing Person,True
nawawalang dokumento tricycle,Lost Items & Missing Person,True
nawawalang cellphone belt bag,Lost Items & Missing Person,True
nawawalang wallet tricycle wallet,Lost Items & Missing Person,True
wala pitaka cash,Lost Items & Missing Person,True
naiwan gamit barangay,Lost Items & Missing Person,True
nalaglag kotse eskwelahan,Lost Items & Missing Person,True
nawala cellphone habang nasa tindahan,Lost Items & Missing Person,True
nawala wallet habang nasa bahay,Lost Items & Missing Person,True
nalaglag cellphone eskwelahan,Lost Items & Missing Person,True
nawala motor habang nasa barangay,Lost Items & Missing Person,True
cellphone nawawalang belt bag,Lost Items & Missing Person,True
missing cellphone,Lost Items & Missing Person,True
nawawalang cellphone tricycle,Lost Items & Missing Person,True
nawawalang wallet tricycle missing,Lost Items & Missing Person,True
wala nang balita pera,Lost Items & Missing Person,True
missing dokumento mula kahapon,Lost Items & Missing Person,True
nawawala nalaglag wallet,Lost Items & Missing Person,True
nawawalang kotse palengke,Lost Items & Missing Person,True
nawawalang portamoneda sasakyan,Lost Items & Missing Person,True
nalaglag id tricycle,Lost Items & Missing Person,True
missing nawawalang belt bag,Lost Items & Missing Person,True
nawawalang cellphone cellphone,Lost Items & Missing Person,True
nawawalang anak cellphone,Lost Items & Missing Person,True
nakalimutan motor barangay,Lost Items & Missing Person,True
nawawalang cellphone anak,Lost Items & Missing Person,True
nawawalang gamit bahay,Theft & Property,False
nawawalang manok nakita iba,Theft & Property,False
problema dingding deposito,Theft & Property,False
pagnakaw ids passbook,Theft & Property,False
kinuha motor nang wala ari,Theft & Property,False
hindi pagtupad usapan tungkol lupa,Theft & Property,False
nawawalang motor,Theft & Property,False
hinarangan right way,Theft & Property,False
tinanggal bakod nagsukat lupa,Theft & Property,False
ninakaw tanim saging,Theft & Property,False
tinangay benta paresan,Theft & Property,False
tinangay pera paresan,Theft & Property,False
sinira bakod,Theft & Property,False
pinasok bahay nawawala,Theft & Property,False
pinasok tirahan nawawala,Theft & Property,True
nawawalang manok iba,Theft & Property,True
nagnakaw pera gabi,Theft & Property,True
bakod nawawalang manok nakita iba,Theft & Property,True
kinuha gamit iba nang wala bahay,Theft & Property,True
problema lupa lupa,Theft & Property,True
tinangay paresan,Theft & Property,True
sinira nang wala ari,Theft & Property,True
kinuha dingding deposito,Theft & Property,True
sinira harang,Theft & Property,True
ninakaw motor nang wala ari,Theft & Property,True
hindi pagtupad tungkol lupa,Theft & Property,True
pagnakaw pera paresan,Theft & Property,True
ninakaw right way,Theft & Property,True
tinangay motor nang wala ari,Theft & Property,True
overlapping lupa tindahan,Theft & Property,True
problema passbook,Theft & Property,True
dinukot tanim saging,Theft & Property,True
kinuha motor nang wala kinuha ari,Theft & Property,True
tinangay halaga paresan,Theft & Property,True
hindi pagtupad usapan tungkol property,Theft & Property,True
tinangay bahay nawawala,Theft & Property,True
nawala pinasok bahay nawawala,Theft & Property,True
tinangay tanim saging,Theft & Property,True
kinuha saging,Theft & Property,True
nagnakaw gamit gabi,Theft & Property,True
overlapping lupa eskwelahan,Theft & Property,True
pinasok lugar nawawala,Theft & Property,True
tinanggal nakita iba,Theft & Property,True
missing motor,Theft & Property,True
ninakaw motor palengke,Theft & Property,True
nawawalang gamit lugar,Theft & Property,True
kinuha hinarangan right way,Theft & Property,True
nawawalang cellphone mula barangay,Theft & Property,True
problema lupa bahay,Theft & Property,True
problema lupa pera,Theft & Property,True
ninakaw pera paresan,Theft & Property,True
kinuha id nang wala ari,Theft & Property,True
nagnakaw cellphone gabi,Theft & Property,True
sinira bakod nagbanta,Theft & Property,True
nawawalang cellphone mula eskwelahan,Theft & Property,True
pinasok bahay missing,Theft & Property,True
overlapping lupa barangay,Theft & Property,True
nawawalang way,Theft & Property,True
tinanggal bakod nang walang pahintulot,Theft & Property,True
tinangay pera ninakaw paresan,Theft & Property,True
kinuha salapi paresan,Theft & Property,True
kinuha motor paresan,Theft & Property,True
tinanggal right way,Theft & Property,True
nawala tricycle,Theft & Property,True
problema dingding,Theft & Property,True
kinuha cellphone nang wala ari,Theft & Property,True
nawawalang deposito,Theft & Property,True
ninakaw kotse tricycle,Theft & Property,True
kinuha motor dingding deposito,Theft & Property,True
tinanggal dingding deposito,Theft & Property,True
sinira bakod binaril,Theft & Property,True
kinuha kinuha motor nang wala ari,Theft & Property,True
sinira tanim saging,Theft & Property,True
bakod lupa,Theft & Property,True
kinuha wallet nang wala ari,Theft & Property,True
tinanggal bakod nagsukat,Theft & Property,True
pinasok bahay ninakaw kotse,Theft & Property,True
problema ids passbook,Theft & Property,True
pinasok bahay ninakaw wallet,Theft & Property,True
ninakaw benta paresan,Theft & Property,True
overlapping lupa palengke,Theft & Property,True
kinuha tanim saging,Theft & Property,True
pinunit fence,Theft & Property,True
tinanggal bakod nagsukat ari arian,Theft & Property,True
pinasok bahay ninakaw dokumento,Theft & Property,True
dinukot benta paresan,Theft & Property,True
tinanggal pader nagsukat lupa,Theft & Property,True
tinangay cellphone tindahan,Theft & Property,True
problema wala ari,Theft & Property,True
pinasok tahanan di makita,Theft & Property,True
problema lupa motor,Theft & Property,True
hindi usapan tungkol,Theft & Property,True
inagaw tanim saging,Theft & Property,True
pinasok bahay lupa nawawala,Theft & Property,True
hinarangan bakod,Theft & Property,True
problema pera paresan,Theft & Property,True
sinira bakod sinipa motor,Theft & Property,True
kinuha kotse nang wala ari,Theft & Property,True
tinangay wallet tindahan,Theft & Property,True
nawawalang nakita iba,Theft & Property,True
tinangay benta paresan tinangay,Theft & Property,True
nawawalang id mula barangay,Theft & Property,True
lupa nawawalang motor,Theft & Property,True
ninakaw motor barangay,Theft & Property,True
kinuha motor nagsukat lupa,Theft & Property,True
pinasok bahay naglaho,Theft & Property,True
ninakaw id eskwelahan,Theft & Property,True
sinira saging,Theft & Property,True
sinira deposito,Theft & Property,True
inagaw benta paresan,Theft & Property,True
wala gamit tahanan,Theft & Property,True
ninakaw nawawalang motor,Theft & Property,True
nawala manok nakita iba,Theft & Property,True
kinuha nawawalang gamit bahay,Theft & Property,True
nawawalang bakod,Theft & Property,True
tinangay kwarta paresan,Theft & Property,True
nagnakaw nawawalang motor,Theft & Property,True
hindi pagtupad passbook,Theft & Property,True
tinangay tinangay pera paresan,Theft & Property,True
hindi pagtupad bakod,Theft & Property,True
sinira bakod sumigaw,Theft & Property,True
nawawalang bahay nawawala,Theft & Property,True
pinasok bahay bakod nawawala,Theft & Property,True
nawawalang manok tanim saging,Theft & Property,True
kinuha usapan tungkol lupa,Theft & Property,True
di makita motor,Theft & Property,True
tinangay nakita iba,Theft & Property,True
sinira pera paresan,Theft & Property,True
nawawalang manok nakita iba bakod,Theft & Property,True
kinuha dokumento nang wala ari,Theft & Property,True
ninakaw bahay nawawala,Theft & Property,True
sinira paresan,Theft & Property,True
hindi pagtupad usapan lupa,Theft & Property,True
ninakaw kinuha motor nang wala ari,Theft & Property,True
ninakaw lupa,Theft & Property,True
problema lupa sasakyan,Theft & Property,True
problema nakita iba,Theft & Property,True
sinira bakod tinakot,Theft & Property,True
pinasok tahanan nawala,Theft & Property,True
ninakaw paresan,Theft & Property,True
tinanggal hangganan nagsukat palayan,Theft & Property,True
kinuha bahay,Theft & Property,True
sinira way,Theft & Property,True
sinira nagsukat lupa,Theft & Property,True
nawawalang kotse mula barangay,Theft & Property,True
nawawalang gamit,Theft & Property,True
ninakaw tanim saging kinuha,Theft & Property,True
nangaw tanim saging,Theft & Property,True
nawawalang nawawala,Theft & Property,True
pinasok bahay ninakaw motor,Theft & Property,True
nagnakaw kotse gabi,Theft & Property,True
nagnakaw id gabi,Theft & Property,True
nawawalang tungkol lupa,Theft & Property,True
pagnakaw ninakaw ids passbook,Theft & Property,True
hindi way,Theft & Property,True
nawawalang id mula bahay,Theft & Property,True
inagaw kwarta paresan,Theft & Property,True
nawawalang lupa,Theft & Property,True
tinangay kotse bahay,Theft & Property,True
kinuha pondo paresan,Theft & Property,True
hindi motor,Theft & Property,True
problema nawawala,Theft & Property,True
nawala motor,Theft & Property,True
problema lupa,Theft & Property,True
pinasok paresan,Theft & Property,True
hindi pagtupad usapan tungkol palayan,Theft & Property,True
tinangay benta bakod paresan,Theft & Property,True
pinasok nawawala,Theft & Property,True
tinanggal bakod paresan,Theft & Property,True
tinanggal bakod dingding deposito,Theft & Property,True
problema motor,Theft & Property,True
tinanggal motor,Theft & Property,True
tinangay cellphone tricycle,Theft & Property,True
pinasok bahay ninakaw id,Theft & Property,True
pera paresan,Theft & Property,True
pagtupad usapan tungkol lupa,Theft & Property,True
ninakaw pagnakaw ids passbook,Theft & Property,True
lupa pagnakaw ids passbook,Theft & Property,True
tinangay gamit eskwelahan,Theft & Property,True
kinuha pinasok bahay nawawala,Theft & Property,True
nawala nawawalang gamit bahay,Theft & Property,True
tinangay motor tricycle,Theft & Property,True
pagnakaw right way,Theft & Property,True
kinuha motor nagnakaw nang wala ari,Theft & Property,True
sinira bakod nagwala,Theft & Property,True
pinasok bakod bahay nawawala,Theft & Property,True
tinangay sinira bakod,Theft & Property,True
wala manok nakita iba,Theft & Property,True
pinasok dingding deposito,Theft & Property,True
pinasok tahanan nawawala,Theft & Property,True
problema way,Theft & Property,True
nawawalang wallet mula bahay,Theft & Property,True
nawawalang bahay,Theft & Property,True
gibain harang,Theft & Property,True
nawawalang id mula tricycle,Theft & Property,True
nawawalang dokumento mula kalsada,Theft & Property,True
sinira tungkol lupa,Theft & Property,True
pagnakaw bakod ids passbook,Theft & Property,True
tinangay id kalsada,Theft & Property,True
kinuha motor usapan tungkol lupa,Theft & Property,True
hinipuan menor de edad,Threat & Violence,False
mura pagbabanta,Threat & Violence,False
pagbabanta dahil shabu issue,Threat & Violence,False
binawi blotter,Threat & Violence,False
pinalo bote batok,Threat & Violence,False
paulit ulit pagbabanta gamit samurai,Threat & Violence,False
muling paghaharap barangay dahil alitan,Threat & Violence,False
naniningil utang dalang itak,Threat & Violence,False
pinagbantaan dahil utang,Threat & Violence,False
pananakot text chat,Threat & Violence,False
pagbabanta habang naghahasa gulok,Threat & Violence,False
pagtulak pagbabanta patayan,Threat & Violence,False
pananigaw dalang itak,Threat & Violence,False
sinuntok mukha matapos alitan,Threat & Violence,False
nanakit gamit tubo samurai,Threat & Violence,False
hinarangan daan pagbabanta,Threat & Violence,False
pagbabanta habang nagtatraktora,Threat & Violence,False
pinagbantaan gamit itak,Threat & Violence,False
diumano sapilitang pagsama pulis,Threat & Violence,False
pagbabanta dahil pagputol puno,Threat & Violence,False
pagbabanta mapapalibing lupa,Threat & Violence,False
binugbog matapos basketball,Threat & Violence,False
nagwala sinipa motor,Threat & Violence,False
sinakal nang tatlong beses,Threat & Violence,False
sinuntok pinagtulungan,Threat & Violence,False
hindi nagbibigay sustento,Threat & Violence,False
pagbabanta pagbabanta habang nagtatraktora,Threat & Violence,True
pinagtulungan sumigaw,Threat & Violence,True
sinuntok bote batok,Threat & Violence,True
itak sinakal nang tatlong beses,Threat & Violence,True
pagbabanta habang tinakot,Threat & Violence,True
nagwala sinipa sasakyan,Threat & Violence,True
nagwala binawi blotter,Threat & Violence,True
sinuntok batok,Threat & Violence,True
pinagbantaan gamit bato,Threat & Violence,True
muling paghaharap barangay dahil away,Threat & Violence,True
hinarangan daan sumigaw,Threat & Violence,True
nanakit gamit tubo,Threat & Violence,True
dalang kutsilyo nagbanta,Threat & Violence,True
pagbabanta mapapalibing lupa itak,Threat & Violence,True
panggigipit text chat,Threat & Violence,True
hindi nagbibigay kabuhayan,Threat & Violence,True
sinakal nang gamit itak,Threat & Violence,True
pananigaw itak dalang itak,Threat & Violence,True
sinaktan dahil inggit,Threat & Violence,True
banta sumigaw dahil gulo,Threat & Violence,True
pinagbantaan gamit tubo,Threat & Violence,True
pananakot mapapalibing property,Threat & Violence,True
pagbabanta mapapalibing property,Threat & Violence,True
paulit ulit pananakot gamit samurai,Threat & Violence,True
inatake nang tatlong beses,Threat & Violence,True
nagwala tinakot,Threat & Violence,True
dahil pagputol puno,Threat & Violence,True
nagwala sinipa pananakot motor,Threat & Violence,True
pinagbantaan gamit gulok,Threat & Violence,True
sinakal nang text chat,Threat & Violence,True
binugbog pagbabanta,Threat & Violence,True
naniningil issue,Threat & Violence,True
pagbabanta daan pagbabanta,Threat & Violence,True
banta nagwala dahil away,Threat & Violence,True
sinuntok beses,Threat & Violence,True
nanakit gamit bato,Threat & Violence,True
banta tinakot dahil pagkakautang,Threat & Violence,True
sinuntok dahil gulo,Threat & Violence,True
pinagbantaan dahil pautang,Threat & Violence,True
pagbabanta habang nagbanta,Threat & Violence,True
pinagbantaan gamit bote,Threat & Violence,True
pagbabanta dahil puno,Threat & Violence,True
pagbabanta dahil batok,Threat & Violence,True
pananigaw pagbabanta dalang itak,Threat & Violence,True
naniningil pera na hiniram dalang samurai,Threat & Violence,True
diumano sapilitang blotter,Threat & Violence,True
nanakit gamit itak,Threat & Violence,True
sinuntok mukha blotter,Threat & Violence,True
muling motor,Threat & Violence,True
sinuntok dahil sigalot,Threat & Violence,True
hinipuan menor edad,Threat & Violence,True
paulit bote batok,Threat & Violence,True
pananakot pamamagitan armas,Threat & Violence,True
tinampal matapos basketball,Threat & Violence,True
mura pagbabanta nagwala,Threat & Violence,True
pagbabanta habang binaril,Threat & Violence,True
naniningil utang samurai,Threat & Violence,True
sinuntok mukha matapos gulo,Threat & Violence,True
ginahasa menor de edad,Threat & Violence,True
pinagbantaan issue,Threat & Violence,True
pananakot pamamagitan itak,Threat & Violence,True
sinakal nanakit nang tatlong beses,Threat & Violence,True
pinagtulungan binaril,Threat & Violence,True
paulit ulit pagbabanta gamit kutsilyo,Threat & Violence,True
pagbabanta habang nagwala,Threat & Violence,True
nanakit nang tatlong beses,Threat & Violence,True
pagtulak batok,Threat & Violence,True
binugbog barangay dahil alitan,Threat & Violence,True
panghihiya dahil pagputol punongkahoy,Threat & Violence,True
nagwala sustento,Threat & Violence,True
naniningil utang dalang samurai,Threat & Violence,True
pananakot pamamagitan gulok,Threat & Violence,True
nagwala nagbanta,Threat & Violence,True
hindi gamit samurai,Threat & Violence,True
pananakot pamamagitan samurai,Threat & Violence,True
pinagbantaan matapos basketball,Threat & Violence,True
nanakit gamit gulok,Threat & Violence,True
binugbog bote batok,Threat & Violence,True
paulit ulit pagbabanta gulok gamit samurai,Threat & Violence,True
muling barangay dahil alitan,Threat & Violence,True
itak hindi nagbibigay sustento,Threat & Violence,True
naniningil halagang nangutang dalang armas,Threat & Violence,True
pinagbantaan gamit kutsilyo,Threat & Violence,True
pagbabanta dahil dalang itak,Threat & Violence,True
binugbog matapos itak basketball,Threat & Violence,True
nanakit gamit kutsilyo,Threat & Violence,True
pagbabanta basketball,Threat & Violence,True
binugbog nang tatlong beses,Threat & Violence,True
binugbog matapos pananakot basketball,Threat & Violence,True
pinalo matapos basketball,Threat & Violence,True
nagwala nagwala,Threat & Violence,True
mura daan pagbabanta,Threat & Violence,True
paulit ulit pagbabanta gamit itak,Threat & Violence,True
pagbabanta mapapalibing lupain,Threat & Violence,True
pagbabanta dahil pagputol halaman,Threat & Violence,True
pananakot pamamagitan bato,Threat & Violence,True
pananakot dahil pagputol sanga,Threat & Violence,True
pagbabanta naghahasa gulok,Threat & Violence,True
mura pananakot,Threat & Violence,True
sinaktan dahil away,Threat & Violence,True
diumano sapilitang pagsama,Threat & Violence,True
pananigaw dalang itak pananakot,Threat & Violence,True
hinarangan daan sinipa motor,Threat & Violence,True
muling paghaharap barangay dahil kaguluhan,Threat & Violence,True
mura de edad,Threat & Violence,True
banta sinipa motor dahil alitan,Threat & Violence,True
diumano sapilitang mapapalibing lupa,Threat & Violence,True
nagwala pananigaw dalang itak,Threat & Violence,True
pagtulak panghihiya patayan,Threat & Violence,True
binugbog matapos laro,Threat & Violence,True
pagbabanta dahil chat,Threat & Violence,True
naniningil utang gulok dalang itak,Threat & Violence,True
pananakot beses,Threat & Violence,True
nanakit hindi nagbibigay sustento,Threat & Violence,True
hinarangan daan tinakot,Threat & Violence,True
panggigipit dahil pagputol halaman,Threat & Violence,True
pinagbantaan de edad,Threat & Violence,True
diumano sapilitang pagsama kapulisan,Threat & Violence,True
pinagbantaan blotter,Threat & Violence,True
nanakit bote batok,Threat & Violence,True
nanakit gamit bote,Threat & Violence,True
pinalo pagbabanta,Threat & Violence,True
pananigaw shabu issue,Threat & Violence,True
gulok hinipuan menor de edad,Threat & Violence,True
inatake gamit tubo samurai,Threat & Violence,True
pinagbantaan gamit,Threat & Violence,True
pagtulak pagbabanta kamatayan,Threat & Violence,True
muling paghaharap barangay dahil gulo,Threat & Violence,True
tinampal mukha matapos gulo,Threat & Violence,True
tinampal gamit tubo samurai,Threat & Violence,True
hinipuan menor de edad pagbabanta,Threat & Violence,True
banta binaril dahil sigalot,Threat & Violence,True
pananigaw nagbibigay sustento,Threat & Violence,True
pagbabanta mapapalibing sinuntok lupa,Threat & Violence,True
hinarangan daan nagbanta,Threat & Violence,True
sinuntok gamit tubo gulok,Threat & Violence,True
pananigaw dalang sundang,Threat & Violence,True
sinakal pinagtulungan,Threat & Violence,True
naniningil banta utang dalang itak,Threat & Violence,True
inaabuso menor de edad,Threat & Violence,True
sinuntok mukha matapos away,Threat & Violence,True
pinagbantaan gamit armas,Threat & Violence,True
pinalo pinagtulungan,Threat & Violence,True
pagbabanta dalang itak,Threat & Violence,True
pagtulak pananakot patayan,Threat & Violence,True
hinarangan daan pananakot,Threat & Violence,True
pagbabanta tubo samurai,Threat & Violence,True
gulok pinalo bote batok,Threat & Violence,True
banta nagwala dahil gulo,Threat & Violence,True
binawi pagbabanta,Threat & Violence,True
sinuntok blotter,Threat & Violence,True
pagtulak pagbabanta panganib sa buhay,Threat & Violence,True
diumano sapilitang sustento,Threat & Violence,True
pananakot pamamagitan tubo,Threat & Violence,True
sinuntok dahil inggit,Threat & Violence,True
nanakit gamit tubo gulok,Threat & Violence,True
naniningil puno,Threat & Violence,True
pananigaw dalang samurai,Threat & Violence,True
muling paghaharap chat,Threat & Violence,True
hinarangan daan nagwala,Threat & Violence,True
binugbog gamit tubo gulok,Threat & Violence,True
muling paghaharap sustento,Threat & Violence,True
paulit pagbabanta patayan,Threat & Violence,True
dalang gulok nagbanta,Threat & Violence,True
panghihiya text chat,Threat & Violence,True
pananigaw dalang itak nagwala,Threat & Violence,True
hindi pananakot nagbibigay sustento,Threat & Violence,True
sinakal text chat,Threat & Violence,True
sinuntok dahil away,Threat & Violence,True
pinagbantaan nagwala gamit itak,Threat & Violence,True
mura dahil utang,Threat & Violence,True
panghihiya mapapalibing property,Threat & Violence,True
pagtulak tatlong beses,Threat & Violence,True
pinagbantaan gamit itak pananakot,Threat & Violence,True
